排名,币种,市值,价格,流通数,24小时成交量,24小时涨跌
1,Bitcoin,443103052597,26821.71212,16520312.0,24401704512.0,-0.1
2,Ethereum,197315536748,2095.1965976,94175190.0,9996599064.0,-6.18
3,Bitcoin Cash,73311061319.0,4437.1448176,16522125.0,9360196832.0,10.46
4,Ripple,59462090564.0,1.550759852,38343841883.0,9618395832.0,40.97
5,Litecoin,16327818843.0,310.56975304,52573757.0,1372186092.0,-0.91
6,IOTA,15973692003.0,5.7469033888,2779530283.0,169886946.16,-1.86
7,NEM,14724619213.0,1.6360688016,8999999999.0,70739196.48,-5.12
8,Dash,14334706413.0,1909.3666128,7507572.0,460259873.68,2.18
9,NEO,11669328792.0,233.38657584,50000000.0,488521836.48,-2.15
10,Ethereum Classic,8977783606.0,94.72138592,94780957.0,795885924.0,-1.56
11,Monero,8811077119.0,589.226776,14953626.0,1062427250.4,12.59
12,BitConnect,5120405934.0,788.2165808,6496192.0,40490533.968,1.77
13,OmiseGo,4968988294.0,50.54303728,98312024.0,303648687.2,-2.95
14,Qtum,4328348088.0,73.361832,59000000.0,157863868.08,-2.17
15,Stratis,3524509318.0,35.776986288,98513309.0,81157776.0,-0.09
16,Zcash,3065742031.0,1519.2029368,2017994.0,180474770.96,-8.9
17,Waves,3027858028.0,30.27858028,100000000.0,20535582.608,1.77
18,EOS,2567062486.0,8.572939752,299437831.0,151930288.48,-4.13
19,TenX,2465256538.0,23.554611896,104661310.0,107627338.0,-6.03
20,BitShares,2298999211.0,0.884839644,2598210000.0,151379241.84,5.59
21,Tether,2139396666.0,6.696049576,319501318.0,1634809456.8,0.37
22,Lisk,2132505109.0,19.16736112,111257105.0,101515850.96,0.7
23,Steem,1963280899.0,8.183009288,239921627.0,15343750.432,-2.32
24,Iconomi,1879099842.0,21.623616536,86900350.0,10773394.92,-1.48
25,Binance Coin,1687915161.0,16.879151608,100000000.0,380053602.64,-3.99
26,Veritaseum,1660453830.0,825.6304488,2011134.0,2262756.088,-1.29
27,Augur,1589369764.0,144.4881604,11000000.0,17858375.48,-3.43
28,Golem,1549377600.0,1.8599256688,833032000.0,26471960.752,-1.63
29,Stellar Lumens,1489868727.0,0.1336484666,11147667944.0,101364596.32,11.77
30,Bytecoin,1453116445.0,0.0079295412,183253534612,10595420.848,-0.92
31,MaidSafeCoin,1433549645.0,3.1676986064,452552412.0,24595870.16,-0.72
32,Factom,1343359136.0,153.61274648,8745102.0,28945407.224,-7.63
33,Siacoin,1274154042.0,0.0442491118,28795019594.0,31792392.688,-3.67
34,Dogecoin,1266202176.0,0.0114323854,110755728717,24662768.688,2.28
35,Basic Attention Token,1239928235.0,1.2399282352,1000000000.0,15732281.624,-4.32
36,Byteball,1229078516.0,2335.1983984,526327.0,4450038.1096,1.73
37,Metal,1220072039.0,63.212912184,19300994.0,15219148.592,5.62
38,0x,1203220666.0,2.4064413328,500000000.0,58596647.224,-6.2
39,Gnosis,1186919826.0,1074.5342848,1104590.0,9404840.272,-5.5
40,Status,1126906790.0,0.3247117287,3470483788.0,39246980.952,-5.39
41,Ark,1114851169.0,11.485890896,97062664.0,17049263.104,-2.52
42,Civic,1106468870.0,3.2543202064,340000000.0,32724907.528,-7.98
43,Populous,1062253706.0,25.750202928,41252246.0,2293759.9576,-11.39
44,DigixDAO,1018184935.0,509.09246752,2000000.0,2929342.616,-3.39
45,MCAP,992286685.0,12.5651294,78971466.0,2286910.188,-0.17
46,Decred,988623880.0,176.758038,5593091.0,7078317.36,2.14
47,GameCredits,931475763.0,14.573817672,63914328.0,33841793.112,8.46
48,Ardor,859351810.0,0.8602124568,998999495.0,6251380.924,-4.97
49,Komodo,843210038.0,8.353120784,100945510.0,1419448.1696,-3.59
50,Bytom,788692226.0,1.1703777536,673878347.0,135062397.68,-6.96
51,DigiByte,766821226.0,0.0877143648,8742253657.0,44339464.816,2.2
52,FunFair,738914452.0,0.1924525393,3839463249.0,4966889.2072,-5.1
53,Bancor,725398721.0,17.791210424,40772871.0,17796940.776,-6.6
54,Nxt,724856906.0,0.7255825008,998999983.0,44407962.512,2.85
55,Monaco,724116223.0,73.78561152,9813786.0,38523890.488,-11.78
56,PIVX,710087919.0,13.120107328,54122112.0,5598100.8064,3.53
57,district0x,644420727.0,1.0740345448,600000000.0,45867936.264,-22.51
58,Lykke,612587022.0,2.2963919216,266760659.0,3486339.4936,-2.59
59,MobileGo,611553959.0,6.2385076216,98028887.0,2197203.5264,-5.06
60,Aragon,578274820.0,17.207913896,33605167.0,2924938.2408,-2.62
61,SingularDTV,572350223.0,0.9539170384,600000000.0,4199055.3552,0.71
62,ICO,550502257.0,5.5050225656,100000000.0,41393797.36,-6.57
63,Gas,516481871.0,176.43553912,2927312.0,10500403.616,3.47
64,Nexus,509561821.0,9.82288944,51874942.0,1093964.176,0.63
65,Bitquence,488875842.0,6.908139232,70768093.0,6819385.408,2.01
66,Metaverse ETP,485681967.0,21.490352536,22600000.0,4525958.6104,14.06
67,Pillar,467827003.0,0.8354053632,560000000.0,759025.1016,-5.41
68,Storj,467751097.0,6.0459344784,77366220.0,22806934.224,-11.37
69,BitcoinDark,459001694.0,356.12938304,1288862.0,651291.1524,-4.16
70,Stox,448246257.0,15.14345464,29600000.0,8914828.544,-3.65
71,Cofound.it,434325033.0,1.3363847184,325000000.0,3179812.304,-2.92
72,DECENT,421889379.0,8.222988488,51306089.0,11842705.256,1.98
73,AdEx,402151445.0,7.551604456,53253775.0,56148654.176,-10.84
74,Edgeless,393236351.0,4.7928597496,82046288.0,9187020.264,-13.39
75,SysCoin,386951681.0,0.7342579872,526996897.0,6473392.0848,-1.47
76,Ubiq,377966293.0,10.013856752,37744328.0,9711347.472,-17.5
77,Particl,371874044.0,48.433268264,7678070.0,5070428.672,-1.62
78,FirstBlood,356082077.0,4.1618613728,85558371.0,8007367.336,-3.85
79,Asch,351090338.0,4.6812045072,75000000.0,23177608.04,-2.7
80,iExec RLC,350900720.0,4.4378044744,79070793.0,4261376.2648,-4.86
81,Wings,350494101.0,3.9070406152,89708333.0,4444341.0736,1.74
82,Gulden,332957295.0,0.9477202624,351324445.0,976671.8664,44.48
83,Blocknet,329257386.0,83.05812064,3964181.0,1284565.012,-4.58
84,Emercoin,314541739.0,7.751167296,40579919.0,6199834.4088,-5.72
85,LEOcoin,305104422.0,3.4528769032,88362380.0,1677400.6312,0.41
86,Numeraire,299653005.0,239.24619392,1252488.0,5434685.8264,3.19
87,Melon,284637241.0,474.87027232,599400.0,2021974.6928,-4.32
88,Counterparty,268962263.0,102.73588288,2617997.0,8347057.272,-8.5
89,Peercoin,263574748.0,10.857084712,24276752.0,4266706.8248,-2.03
90,Round,256917100.0,0.3022554121,850000000.0,1939990.68,-6.87
91,TokenCard,254794496.0,10.776260096,23644056.0,3372578.68,0.81
92,Elastic,238759420.0,2.8065198504,85073127.0,3177440.2048,-6.65
93,Rialto,234331659.0,3.0520854232,76777556.0,543375.96416,0.49
94,NoLimitCoin,233775212.0,1.1497884656,203320193.0,769586.2736,8.75
95,OpenAnx,232176786.0,9.283636664,25009250.0,16799926.16,-10.45
96,Etheroll,228655323.0,32.657475944,7001623.0,3241886.6752,-2.49
97,TaaS,228237009.0,28.018289576,8146001.0,1898099.1416,2.37
98,adToken,218767782.0,0.3646129693,600000000.0,1187482.188,-0.9
99,FirstCoin,212853219.0,34.435884024,6181146.0,1269752.7184,2.71
100,FairCoin,206554826.0,3.8830597584,53193831.0,584347.98096,6.49
101,I/O Coin,199767698.0,12.211846536,16358517.0,740194.8984,-11.23
102,ReddCoin,199158576.0,0.0069645099,28596208357.0,3215267.1912,-0.74
103,vSlice,196644956.0,5.8892493304,33390496.0,1528911.2192,-8.81
104,Quantum Resistant Ledger,193603087.0,3.7231362952,52000000.0,3146283.0816,-6.41
105,ION,188196797.0,11.997891184,15685823.0,1049927.0872,13.06
106,The ChampCoin,183336109.0,1.1116283192,164925727.0,4925217.5544,-1.98
107,Verge,183161237.0,0.0136590936,13409472280.0,4379128.3352,-1.89
108,EB3 Coin,182613344.0,2.5842488248,70663994.0,937159.0904,-5.33
109,Namecoin,182416391.0,12.378626432,14736400.0,1362624.4,-0.84
110,Blocktix,177888517.0,4.4472129128,40000000.0,286334.362,55.96
111,PotCoin,177241922.0,0.8141497552,217701868.0,3719284.9656,-6.46
112,Safe Exchange Coin,175411124.0,0.0816821698,2147483647.0,26098888.184,-2.31
113,Mysterium,170555090.0,8.778366208,19429024.0,2414763.6696,-6.39
114,ZCoin,170341588.0,60.220469064,2828633.0,2408320.3552,-3.87
115,Polybius,170029766.0,45.0615558,3773278.0,460809.58768,-11.4
116,Mothership,161606588.0,1.154332768,140000000.0,1728167.552,-1.3
117,Lunyr,158654679.0,69.04474472,2297853.0,9314620.544,-6.21
118,Humaniq,157773752.0,0.9687759744,162858861.0,1874731.2992,-2.9
119,SONM,153922130.0,0.4645163258,331360000.0,1624754.688,-0.35
120,Expanse,152710995.0,19.315550688,7906117.0,6282258.1928,3.25
121,BitBay,152565377.0,0.151402563,1007680278.0,615820.27352,-1.74
122,Santiment Network Token,149235510.0,2.4988399272,59721917.0,6641544.6,-2.39
123,LBRY Credits,148948271.0,2.1736491144,68524524.0,7108834.816,-8.35
124,Peerplays,146273275.0,38.919484672,3758356.0,3043949.656,2.77
125,MonaCoin,144941200.0,2.7137947592,53409050.0,1029384.4416,-3.06
126,CloakCoin,144305527.0,28.381967032,5084409.0,1076086.8104,-7.97
127,Skycoin,144111858.0,24.644911312,5847530.0,222558.87584,-1.38
128,MonetaryUnit,141858920.0,1.1153797008,127184420.0,2340009.2288,-8.86
129,Xaurum,140043381.0,1.1017467936,127110314.0,753694.5416,-1.12
130,Databits,139581636.0,6.1360475952,22747809.0,1374464.9064,-7.48
131,Matchpool,137588417.0,1.834512224,75000000.0,10373469.656,26.92
132,Viacoin,136262427.0,5.977156928,22797198.0,2301882.3984,-6.17
133,Patientory,135567068.0,1.9366724064,70000000.0,4120909.3456,-3.03
134,WeTrust,133535186.0,1.449146052,92147500.0,1455342.828,-2.35
135,Golos,131358857.0,1.0549311504,124518891.0,153324.89624,3.11
136,Vertcoin,130726620.0,3.3709195432,38780700.0,9673700.392,-5.86
137,Radium,127056573.0,38.1601464,3329562.0,1363590.564,-6.88
138,InsureX,126137806.0,3.5254857936,35778844.0,1992183.5256,-2.52
139,Wagerr,124470402.0,0.6801661296,183000000.0,271724.62968,7.05
140,Soarcoin,123799902.0,0.1898858746,651970042.0,15449.761944,13.12
141,BlackCoin,121136394.0,1.5870876184,76326217.0,5270091.46,-2.35
142,Chronobank,118906176.0,167.44688232,710113.0,7191658.392,2.52
143,Clams,117140263.0,45.399979728,2580183.0,3123994.6776,-1.12
144,Agoras Tokens,112474883.0,2.677973396,42000000.0,349180.33176,-2.71
145,DigitalNote,110267544.0,0.0160140017,6885695758.0,9073146.176,-6.59
146,Synereo,109905815.0,1.33613818,82256324.0,3386811.2752,-3.72
147,Omni,109165521.0,195.08450328,559581.0,2785943.8888,-5.74
148,YbCoin,106400676.0,35.226472704,3020475.0,656052.0088,4.25
149,SIBCoin,106015677.0,6.942254816,15271073.0,539756.51392,-8.8
150,Ecobit,103094807.0,0.2319633163,444444444.0,83440.58832,2.08
151,Crown,102354235.0,6.865028328,14909514.0,435339.50568,-1.09
152,Nimiq,101428330.0,9.659840936,10500000.0,1298544.4056,2.28
153,Quantum,100911735.0,1.2377427056,81528846.0,388170.71288,5.13
154,NAV Coin,97399346.0,1.5794382648,61667080.0,1124674.8648,-1.82
155,E-coin,94706132.0,25.745405424,3678564.0,1856880.5864,5.4
156,Nexium,94521014.0,1.4209074104,66521586.0,1340322.6696,-8.71
157,OBITS,94414498.0,5.9415687768,15890500.0,77794.19264,1.25
158,SaluS,91231080.0,90.86006152,1004083.0,102259.46408,-1.61
159,ZenCash,88512450.0,44.990126296,1967375.0,1763029.4144,-3.46
160,XTRABYTES,85650572.0,0.1317701106,650000000.0,203494.128,-16.65
161,Aeon,84802002.0,5.7880819648,14651140.0,2875563.9288,-12.95
162,GridCoin,84565660.0,0.2166612775,390312753.0,447145.36344,-6.93
163,Energycoin,84457781.0,0.6970773312,121159845.0,2983934.2136,12.9
164,Mooncoin,83292364.0,0.0003747883,222238407475,108553.5228,23.19
165,Swarm City,81438683.0,10.706163232,7606710.0,191586.9896,-2.92
166,Unobtanium,81404607.0,411.5492164,197800.0,382047.8984,-9.17
167,Rubycoin,81343094.0,3.2956387096,24682042.0,102134.86224,-2.47
168,RaiBlocks,81231614.0,0.7596780952,106928993.0,572171.64928,-17.62
169,bitCNY,79933034.0,0.958934428,83356100.0,2896286.4808,-1.19
170,Shift,78805821.0,7.095774944,11106020.0,1290841.7464,-5.88
171,SpreadCoin,78518955.0,9.112059264,8617037.0,256143.4028,3.79
172,MyBit Token,78292954.0,38.039275952,2058214.0,162960.54976,9.58
173,EarthCoin,77910182.0,0.0068912813,11305616157.0,3311903.5808,-0.74
174,DAO.Casino,77805157.0,0.7098173696,109612924.0,559542.88632,-17.48
175,LoMoCoin,76076642.0,0.3561467074,213610403.0,1847572.096,-3.93
176,Dent,75860900.0,0.0071634731,10589960960.0,541189.76824,-17.24
177,Burst,75669841.0,0.0420308659,1800339818.0,1709403.9808,-2.9
178,Voxels,75469735.0,0.359379692,210000000.0,820852.9344,-5.73
179,E-Dinar Coin,74815267.0,0.0844214114,886211988.0,3914470.0832,-13.77
180,Unity Ingot,73136584.0,0.3620622963,202000000.0,325462.67136,-1.63
181,BCAP,71958562.0,7.195856208,10000000.0,1014945.2872,5.41
182,Waves Community Token,70535975.0,7.840520808,8996338.0,109377.76064,-2.43
183,Diamond,70257168.0,31.332298728,2242324.0,707112.1104,-1.4
184,NeosCoin,67526961.0,19.540566952,3455732.0,1168951.8288,-4.32
185,Incent,66908351.0,1.454010188,46016425.0,2425484.7584,-8.91
186,Bankcoin,66646472.0,5.7883751456,11513848.0,8329.266528,20.34
187,Embers,66318163.0,1.3263632656,50000000.0,129120.82224,1.61
188,Feathercoin,64650892.0,0.3741759939,172782040.0,6548193.168,-4.67
189,Gambit,64115321.0,53.82732856,1191130.0,201369.23352,-3.29
190,ToaCoin,63266228.0,0.0374749695,1688226281.0,299466.86288,3.5
191,Rise,63112708.0,0.5877115643,107387215.0,538160.67752,-4.68
192,Pluton,61661450.0,72.54292472,850000.0,855161.7512,-3.22
193,Bitcrystals,60200983.0,2.5894661104,23248415.0,524615.72456,-1.65
194,Creditbit,59017765.0,4.9697343936,11875437.0,2387624.456,-8.7
195,DubaiCoin,57059408.0,56.215019648,1015021.0,350778.83344,0.15
196,Sphere,55317192.0,17.94299812,3082940.0,4384032.4504,0.38
197,Qwark,55166196.0,1.9431423736,28390197.0,2978710.2648,-5.62
198,Einsteinium,54788311.0,0.2568950118,213271216.0,1203440.552,-2.41
199,LuckChain,52703956.0,0.0748850395,703798194.0,629324.58096,4.98
200,Infinitecoin,50410229.0,0.0005564272,90596274910.0,2114066.78,-1.42
201,NEVERDIE,49619215.0,1.210103752,41004100.0,224794.37944,-6.86
202,APX,49464359.0,63.628429336,777394.0,1537393.4728,-1.51
203,Groestlcoin,49335088.0,0.7231504328,68222442.0,1269592.8016,1.59
204,Bitcoin Plus,49082627.0,491.94005808,99774.0,937532.2296,17.37
205,GeoCoin,49075272.0,15.45262712,3175853.0,9874529.24,-15.95
206,VeriCoin,49030748.0,1.61565942,30347205.0,2018616.44,-8.08
207,PRIZM,48567642.0,5.7853234,8394974.0,78415.8692,-0.23
208,Pepe Cash,48547455.0,0.0691673476,701884009.0,19298.62616,-7.38
209,Spectrecoin,48312618.0,2.3628906576,20446404.0,433914.91352,32.72
210,Bitland,47856702.0,1.5952233856,30000000.0,8575.804928,8.22
211,SunContract,47490844.0,0.4837809697,98166002.0,3942268.9536,-13.72
212,Sequence,47357905.0,1.054318136,44918041.0,1099627.896,24.14
213,CVCoin,46529167.0,5.977689984,7783804.0,116490.06032,10.3
214,VPNCoin,45638740.0,0.1140000225,400339746.0,1453756.9864,-1.34
215,OracleChain,44883448.0,1.4961149488,30000000.0,242373.9,14.71
216,Primecoin,44698638.0,2.1974500648,20341139.0,2084648.752,-2.99
217,FlorinCoin,43688351.0,0.3203606591,136372397.0,581091.0088,1.37
218,FoldingCoin,43079520.0,0.083704451,514662238.0,2521774.6616,10.96
219,MergeCoin,42654975.0,0.448999732,95000000.0,258126.37112,-0.74
220,WorldCoin,41956868.0,0.3646969256,115045852.0,1740021.3848,-0.97
221,ArtByte,40518996.0,0.0511256675,792537250.0,1610928.548,4.24
222,OKCash,40235664.0,0.5558114943,72390845.0,706892.2248,-10.72
223,Curecoin,40147163.0,1.6911334864,23739795.0,451772.95584,0.38
224,HEAT,39636778.0,1.404336032,28224568.0,45025.707784,-12.13
225,Bela,39181806.0,1.0552643104,37129850.0,446780.22008,1.46
226,Project Decorum,37826320.0,0.7565264016,50000000.0,81059.16064,2.04
227,Musicoin,37289611.0,0.1258132098,296388682.0,3097281.9088,-6.18
228,Auroracoin,37183351.0,4.2946123064,8658139.0,117849.35312,-1.11
229,SolarCoin,36606972.0,1.0223614288,35806292.0,157253.51896,-4.74
230,Quark,36601789.0,0.1455022994,251554715.0,556006.05976,-7.96
231,Signatum,36247267.0,0.3665033191,98900243.0,870280.552,3.45
232,DaxxCoin,35850530.0,0.0741860698,483251500.0,11925.062408,-0.54
233,BitBean,35741267.0,0.0171470122,2084402000.0,1472040.8072,-14.36
234,BitSend,35723797.0,2.2064120688,16190900.0,291602.28792,4.69
235,NVO,35480341.0,2.3653560416,15000000.0,62500.816,0.43
236,EuropeCoin,34984262.0,3.53466102,9897487.0,19882589.008,142.38
237,Circuits of Value,34545893.0,0.0345458935,1000000000.0,221463.44576,-4.14
238,DNotes,34140249.0,0.2701681062,126366689.0,179275.39496,-1.62
239,Triggers,33350847.0,1.0387862168,32105593.0,1789155.8216,4.83
240,Global Currency Reserve,32707818.0,0.3173415632,103068183.0,654500.14952,-7.31
241,Megacoin,32280988.0,0.981589308,32886450.0,558308.19536,-2.15
242,EncryptoTel,32207833.0,0.5183842999,62131190.0,55734.403032,-3.81
243,Blitzcash,31780726.0,7.784883088,4082364.0,77389.7364,-2.83
244,Minereum,31646096.0,34.351861072,921234.0,3707591.0496,283.15
245,EquiTrader,31355729.0,5.0884259752,6162167.0,117013.12152,-0.98
246,Bitswift,31239917.0,7.683402552,4065896.0,1775063.1536,-8.99
247,Legends Room,30970154.0,15.485076904,2000000.0,9098333.072,11.41
248,Compcoin,30729450.0,7.75130056,3964425.0,101129.38536,-18.41
249,Primalbase Token,30683436.0,30683.436312,1000.0,78576.45232,5.97
250,Espers,30681946.0,0.0014989202,20469366553.0,107068.96184,11.18
251,GoldCoin,30109658.0,0.7444993256,40442828.0,286729.48976,2.93
252,Pascal Coin,29759405.0,2.3566205864,12628000.0,362392.79104,-7.45
253,PutinCoin,29398698.0,0.1465784062,200566364.0,223361.79144,-28.92
254,Condensate,29092686.0,0.5364035917,54236561.0,617917.84888,11.04
255,Darcrus,28778667.0,2.1123876536,13623762.0,543436.59928,9.91
256,MaxCoin,28394928.0,0.4734330201,59976653.0,1592391.5256,2.26
257,Novacoin,28076191.0,15.487142496,1812871.0,57232.823448,-3.61
258,Ethereum Movie Venture,28060332.0,4.2090501552,6666666.0,6351.462188,-4.94
259,ZClassic,26685131.0,14.744795384,1809800.0,8381705.912,6.15
260,E-Currency Coin,26633436.0,0.0010711894,24863424810.0,15087.950184,-17.03
261,ChainCoin,26618470.0,1.7358768744,15334308.0,134213.506,-5.27
262,Mintcoin,26607972.0,0.0010717957,24825600691.0,130092.98312,0.37
263,Cryptonite,26527515.0,0.0755207088,351261468.0,1328868.6288,-0.01
264,PinkCoin,26495594.0,0.0761337232,348013900.0,1128579.5,-3.23
265,Wild Beast Block,26200836.0,10.954700592,2391744.0,28487.378856,2.55
266,ZrCoin,26170320.0,8.206663648,3188911.0,431751.37248,-4.71
267,Stealthcoin,26147137.0,0.9779978432,26735373.0,279609.19424,-2.91
268,Vcash,24829661.0,1.6276998224,15254447.0,457408.6904,5.52
269,ICO OpenLedger,23825840.0,51.155318728,465755.0,14219.135536,3.89
270,XCurrency,23587558.0,4.04106422,5836967.0,175541.33768,-16.48
271,bitUSD,23502547.0,6.776407768,3468290.0,2195011.3336,1.82
272,Zennies,23316885.0,0.0232984119,1000792875.0,88838.44664,-0.26
273,Zetacoin,23208025.0,0.1393568301,166536690.0,1008641.9,-5.43
274,ExclusiveCoin,22982492.0,5.4684282712,4202760.0,248348.12512,0.87
275,Dynamic,22661907.0,12.776619368,1773701.0,337339.82536,-2.48
276,Myriad,22611784.0,0.0150087914,1506569250.0,2032509.212,-4.12
277,FedoraCoin,21933361.0,0.0000494922,443168182458,84931.14616,-38.42
278,SmartCash,21823137.0,0.0771172115,282986600.0,30833.958,-9.67
279,Centra,20722373.0,6.3134619584,3282252.0,98452.1116,31.38
280,Steem Dollars,20596503.0,5.9915694296,3437581.0,1541084.8856,13.07
281,Breakout Stake,19843242.0,3.1657596152,6268082.0,669125.2072,-0.43
282,Atmos,19673203.0,0.1963824946,100177989.0,17788.74504,-6.41
283,ZcCoin,19495433.0,0.3161914949,61657044.0,1875464.2512,-5.74
284,Dimecoin,18756023.0,0.0000352112,532671859920,21724.297488,-13.16
285,Riecoin,18700879.0,0.5119030053,36532075.0,380541.34888,-5.29
286,Synergy,18661844.0,6.2620620336,2980144.0,308161.00624,-2.91
287,ATC Coin,18343731.0,1.7427133176,10525960.0,4244951.4768,6.56
288,VeriumReserve,18294273.0,14.738198816,1241283.0,645512.82536,-5.26
289,KoreCoin,18165599.0,9.212473688,1971848.0,367946.56824,-1.84
290,Boolberry,17831140.0,1.8705667992,9532480.0,4780692.7464,-55.51
291,DopeCoin,17623974.0,0.1586521246,111085648.0,162730.00304,-4.37
292,SkinCoin,17619182.0,0.1998013826,88183483.0,141082.59888,6.42
293,Dentacoin,17253279.0,0.0010664985,16177500000.0,55865.9346,13.32
294,DeepOnion,17194792.0,5.433206596,3164760.0,73498.4276,-20.9
295,Syndicate,17080478.0,1.1750353304,14536140.0,1654792.3936,-7.02
296,HTMLCOIN,16725981.0,0.000411372,40659020000.0,179777.13392,-8.82
297,Adzcoin,16701671.0,0.3003357442,55610000.0,38091.781968,-5.4
298,CoEval,16449993.0,384.61522936,42770.0,31831.10588,-3.35
299,Malcoin,16067280.0,300.643584,53443.0,52087.700304,0.25
300,InPay,16038256.0,1.6038255768,10000000.0,1026599.224,-3.35
301,FundYourselfNow,15979393.0,18.799285952,850000.0,36907.065008,25.79
302,Breakout,15914256.0,0.8774168392,18137623.0,554620.11416,4.13
303,2GIVE,15879000.0,0.0307967107,515607008.0,129506.62152,0.01
304,Tokes,15815615.0,16.469298176,960309.0,120312.73816,-8.16
305,NautilusCoin,15733875.0,0.972427408,16180000.0,590514.77256,-5.91
306,Zeitcoin,15259687.0,0.0004127459,36971138466.0,7642.956928,-18.93
307,Bitmark,15164059.0,3.887044352,3901180.0,2401663.8184,-17.46
308,TransferCoin,14825420.0,2.4361592048,6085571.0,535963.15416,-6.52
309,EverGreenCoin,14554563.0,1.0925782304,13321301.0,491758.15272,-2.21
310,Bata,14480507.0,2.913417568,4970282.0,598004.87568,-3.41
311,Creativecoin,14413429.0,1.3523763984,10657853.0,8837.335528,57.88
312,Starta,14323847.0,2.918548232,4907867.0,8517.768456,-2.71
313,HempCoin,14219501.0,0.0634680461,224041897.0,3607609.7336,12.65
314,TagCoin,14106260.0,2.4895247736,5666246.0,125418.74832,-1.3
315,Crave,13890727.0,10.31330096,1346875.0,8740.519232,0.95
316,PoSW Coin,13863678.0,0.3143691097,44100000.0,335619.38712,5.61
317,Visio,13704164.0,0.2702247434,50713949.0,43196.592752,7.45
318,Pesetacoin,13610585.0,0.1044409958,130318414.0,118978.76552,-1.15
319,CryptoPing,13421039.0,1.348565048,9952089.0,641743.45312,0.51
320,Pandacoin,13405645.0,0.0004122922,32514916898.0,38733.781288,42.33
321,Startcoin,12774855.0,0.2833832307,45079785.0,192992.25848,0.08
322,Altcoin,12727055.0,104.17046984,122175.0,6790.067328,-11.16
323,ArcticCoin,12695245.0,0.5258644082,24141669.0,64444.937864,6.34
324,FinCoin,12674600.0,0.98415464,12878667.0,432205.1364,2.51
325,InsaneCoin,12581433.0,0.7706457224,16325833.0,40619.53352,-11.1
326,CryptoCarbon,12503842.0,3.5102337288,3562111.0,181868.04608,3.13
327,1337,12345681.0,0.0005305027,23271665924.0,25009.055192,-2.6
328,BlockPay,11732016.0,2.1612688888,5428300.0,7240.832808,32.24
329,WhiteCoin,11568314.0,0.0465967571,248264351.0,283265.29208,12.4
330,Dotcoin,11528941.0,0.0472005763,244254250.0,84603.31672,-1.58
331,Neutron,11479369.0,0.3790774438,30282386.0,56210.7552,8.77
332,CannabisCoin,11392159.0,0.1475072563,77231176.0,299892.64136,-30.85
333,Hush,11242799.0,10.212486744,1100888.0,159483.02568,0.34
334,Terracoin,11169595.0,0.5292239937,21105610.0,15377.066432,2.21
335,HunterCoin,11146771.0,0.5931720567,18791800.0,266286.79216,-4.08
336,Mercury,11139205.0,0.111392046,100000000.0,17678.935504,0.36
337,vTorrent,10963200.0,1.0136126472,10815966.0,93012.94144,-4.95
338,e-Gulden,10802922.0,0.6998492224,15436071.0,125102.24632,-7.79
339,TrustPlus,10483119.0,0.326713354,32086595.0,375925.75024,-10.68
340,PepeCoin,10476921.0,1.0482079816,9995078.0,316162.84312,-5.19
341,Ixcoin,10180773.0,0.4848197626,20999088.0,3476.3313672,-8.27
342,Virta Unique Coin,10072441.0,0.1663747734,60540675.0,704986.5496,20.77
343,BitAsean,10066962.0,2.0133924912,5000000.0,691833.3928,-18.68
344,VOISE,9998822.0,12.111298848,825578.0,107902.52816,-13.59
345,Bitcore,9839067.0,16.4780936,597100.0,109242.49768,3.86
346,Adelphoi,9729636.0,0.4145170057,23472224.0,25923.912552,3.5
347,Magi,9662709.0,1.33447238,7240846.0,955143.0672,-15.26
348,XP,9415100.0,0.0000660685,142505147652,17335.9806,35.34
349,Fastcoin,9186417.0,0.0729080681,126000000.0,87744.3492,0.86
350,Eternity,8996515.0,2.3712596368,3793982.0,144314.9172,33.18
351,PIECoin,8910148.0,0.1189980888,74876392.0,344516.75808,-28.56
352,Sexcoin,8848541.0,0.0712902431,124119951.0,49642.305904,-14.83
353,YashCoin,8837498.0,0.8837335528,10000184.0,3410.8321112,1.86
354,AudioCoin,8687086.0,0.0105909565,820236201.0,6381.4265984,-7.7
355,DT Token,8093271.0,0.0910492964,88888888.0,501452.4424,-14.9
356,ParkByte,8049811.0,1.6897075616,4764026.0,151071.402,-7.42
357,Crypto Bullion,7963621.0,7.963256952,1000046.0,20643.060024,1.56
358,NuShares,7961730.0,0.0029463138,2702268334.0,14455.14608,-5.83
359,IncaKoin,7930233.0,0.000843148,9405505552.0,8730.524432,5.48
360,HyperStake,7848325.0,0.0080793299,971407904.0,27845.84596,0.42
361,Tickets,7703394.0,0.0001151887,66876281414.0,33176.605856,-6.49
362,Unitus,7526799.0,0.1608776334,46785866.0,1299963.6672,8.81
363,Renos,7414112.0,0.2222716919,33356077.0,44088.06228,-9.9
364,Helleniccoin,6962507.0,0.126132377,55200000.0,28793.952688,-11.36
365,Centurion,6795259.0,0.2557715962,26567684.0,75084.93552,4.56
366,Etheriya,6730731.0,4.2558324824,1581531.0,4087.70662,16.9
367,Capricoin,6661619.0,3.3474717424,1990045.0,126510.8468,4.07
368,Bitradio,6582070.0,1.1788333544,5583545.0,19409.56844,
369,Netko,6365998.0,1.7390752104,3660565.0,20508.463384,1.79
370,TileCoin,6250035.0,0.0625003496,100000000.0,187582.4064,-7.3
371,Elcoin,6090452.0,0.5433553082,11208967.0,62523.004456,-18.28
372,Octanox,5978126.0,0.7559933456,7907644.0,19230.794784,-4.82
373,HitCoin,5889577.0,0.0005355953,10996318099.0,30005.522344,30.14
374,Bytecent,5878822.0,3.3779958616,1740328.0,138720.49448,-2.65
375,BlueCoin,5867877.0,0.010210621,574683675.0,4246.9104576,19.93
376,Woodcoin,5812045.0,0.723323676,8035193.0,6733.82992,-7.77
377,Hacker Gold,5612381.0,0.3483594255,16110893.0,1421307.2024,-43.48
378,EmberCoin,5503152.0,0.0005696416,9660726802.0,153396.8588,-3.91
379,Influxcoin,5233651.0,3.1275861424,1673383.0,155996.17312,-3.43
380,Virtacoinplus,5160544.0,0.5649354141,9134750.0,20991.212224,18.92
381,Sovereign Hero,5153432.0,1079.704928,4773.0,10512.730536,-0.57
382,iDice,5143135.0,3.2737700872,1571013.0,7143.150296,-8.77
383,Moin,5102552.0,0.718925964,7097465.0,7558.534184,8.68
384,Cream,5059188.0,0.1154206167,43832619.0,7980.381376,-13.02
385,FUNCoin,5012784.0,0.8570940792,5848581.0,4484.5201696,-13.91
386,Happycoin,4947462.0,0.4208963534,11754585.0,26730.293016,3.72
387,Linda,4746300.0,0.0008083394,5871666936.0,37840.97912,-6.78
388,WavesGo,4537221.0,0.4538605364,9996949.0,4913.843472,-10.66
389,FIMKrypto,4481110.0,0.0077661595,577004618.0,5784.2706144,1.74
390,KekCoin,4364861.0,0.4402596126,9914290.0,37516.881072,-1.17
391,LiteDoge,4178477.0,0.0002817947,14828089002.0,29676.56016,-46.79
392,Colossuscoin V2,4032968.0,0.0001793514,22486407134.0,16807.189048,-14.7
393,Miners' Reward Token,3999053.0,0.3999052744,10000000.0,22383.088072,0.37
394,Aidos Kuneen,3963405.0,19.81702312,200000.0,40342277.768,0.84
395,808Coin,3961084.0,0.0056238541,704336165.0,46081.291928,-0.68
396,Pakcoin,3725317.0,0.0931148884,40007750.0,11581.907608,-2.44
397,UnbreakableCoin,3565940.0,1.5652789648,2278150.0,276196.3032,-10.24
398,NuBits,3503231.0,6.687454048,523851.0,1573914.472,1.04
399,PostCoin,3442853.0,0.2169651194,15868233.0,23112.708472,5.11
400,Shadow Token,3425082.0,0.489297433,7000000.0,5825.1093672,-29.16
401,Dinastycoin,3394826.0,0.0027193918,1248376900.0,12921.344072,-7.22
402,iTicoin,3364202.0,105.13130328,32000.0,615099.31528,-1.15
403,InflationCoin,3304067.0,0.0002983774,11073447918.0,10822.36944,-27.68
404,Sprouts,3120027.0,0.0000077618,401970670450,3669.6974312,-87.29
405,Dashcoin,3076935.0,0.1768686471,17396723.0,4493.3755624,0.6
406,TrumpCoin,2971718.0,0.4541956954,6542815.0,9133.181608,-4.17
407,CoinonatX,2939835.0,0.2581570218,11387779.0,33250.900536,38.87
408,NetCoin,2891989.0,0.0036741085,787126712.0,9081.27528,-17.48
409,Denarius,2786342.0,3.4508313008,807441.0,37654.40952,-7.95
410,CacheCoin,2745944.0,0.6545547878,4195132.0,25189.028224,10.94
411,Zoin,2745002.0,0.2126087193,12911050.0,59431.346288,11.61
412,RouletteToken,2691550.0,0.2666832526,10092684.0,98338.17088,-15.37
413,Ripto Bux,2681872.0,0.0070346734,381236123.0,42738.830912,-10.94
414,Rubies,2632543.0,0.2527584972,10415252.0,14539.702088,-1.08
415,Linx,2631025.0,0.4903961946,5365100.0,104944.06736,12.09
416,CryptoForecast,2599748.0,0.0565162629,46000000.0,19421.495568,12.31
417,Karbowanec,2365998.0,0.569734917,4152805.0,40767.1234,2.03
418,Sumokoin,2344422.0,1.8911894032,1239655.0,4566.0777376,-12.02
419,Veltor,2295103.0,4.1364012856,554855.0,3643.371128,68.59
420,8Bit,2182794.0,1.8745847088,1164415.0,25112.867848,-0.53
421,Triangles,2165057.0,29.702480008,72891.0,4763.0619192,43.83
422,ParallelCoin,2135155.0,7.177132616,297494.0,6196.209628,36.66
423,42-coin,2113259.0,50315.688896,42.0,4248.4763096,-8.72
424,Unify,2064654.0,0.1200515407,17198065.0,61919.11864,34.6
425,Piggycoin,2052833.0,0.0042372688,484470900.0,5222.4229272,-63.8
426,Zero,2051581.0,1.5463554768,1326720.0,15078.754968,-7.95
427,DAS,2039934.0,1.2299334352,1658572.0,70591.93976,-14.61
428,Atomic Coin,1959252.0,0.1679412918,11666290.0,28296.011752,-0.99
429,CHNCoin,1910311.0,0.0536270328,35622159.0,103801.99488,-4.6
430,Deutsche eMark,1857079.0,0.066817237,27793416.0,6433.686076,-3.43
431,HiCoin,1805265.0,0.0095149163,189729990.0,549615.38464,2.22
432,Vsync,1709247.0,0.0159965441,106851015.0,30173.834776,14.26
433,Zurcoin,1691719.0,0.020493138,82550517.0,19240.123264,-9.86
434,bitBTC,1559583.0,26131.07144,60.0,259708.2148,2.63
435,Newbium,1519693.0,0.0506564449,30000000.0,25827.762576,4.77
436,Pesobit,1507299.0,0.045525581,33108827.0,6282.6379952,22.61
437,FuturXe,1468954.0,6.239687008,235421.0,181875.3756,-3.49
438,Rupaya,1436046.0,0.2680498749,5357384.0,18898.700896,-5.48
439,iCoin,1353762.0,0.0468646177,28886650.0,157525.37752,5.89
440,Digitalcoin,1353512.0,0.0511032791,26485820.0,5137.5870648,-3.03
441,Cannation,1249063.0,0.5042863014,2476893.0,21700.3766,-40.51
442,Yocoin,1235400.0,0.0116967812,105618830.0,6463.7437712,-14.38
443,ProCurrency,1207686.0,0.4289868108,2815205.0,61738.279392,-14.04
444,Sojourn,1038364.0,2.1956709904,472914.0,47641.21368,5.77
445,Catcoin,1030001.0,0.1754074074,5872050.0,6764.613904,1.71
446,Rupee,1023705.0,0.0467789956,21883850.0,12254.357752,-25.91
447,DIBCOIN,1018817.0,0.2037633213,5000000.0,12149.745512,22.7
448,Bitcoin Scrypt,1011108.0,0.062132341,16273463.0,8770.170472,3.57
449,BitcoinFast,1007085.0,0.2663007849,3781759.0,16558.118632,27.72
450,OHM Wallet,1003160.0,0.0350814815,28595131.0,12184.793944,7.65
451,CampusCoin,990791.0,0.0105191272,94189500.0,33350.515376,31.74
452,TheGCCcoin,975590.0,0.0543629166,17945871.0,5489.8504592,-14.34
453,QuazarCoin,971287.0,0.1606784038,6044911.0,3504.2368488,-1.57
454,LiteBar,948242.0,1.3248174032,715753.0,4331.6663616,25.53
455,Emerald Crypto,935885.0,0.04895533,19117129.0,4385.6382816,-17.0
456,MojoCoin,884532.0,0.0731579381,12090722.0,5343.1068056,-0.57
457,Cryptojacks,871964.0,0.0021446908,406568581.0,9089.737544,1.08
458,ChanCoin,838901.0,0.1322052175,6345444.0,5033.6344816,
459,bitEUR,829085.0,8.13809932,101877.0,120345.38784,1.3
460,bitGold,804490.0,8941.814504,90.0,5074.0401264,1.81
461,PRCoin,778880.0,0.0642714281,12118600.0,183299.30144,3.63
462,RevolverCoin,766711.0,0.0348104225,22025332.0,10513.730016,0.99
463,BlakeStar,744382.0,0.0030325622,245463120.0,14783.775104,-11.84
464,Kayi,703492.0,0.0008003236,879010000.0,4910.8183792,-9.44
465,Useless Ethereum Token,692715.0,0.174675788,3965716.0,3507.3019208,-10.02
466,Bitcoin 21,669035.0,0.84356112,793108.0,3714.9405592,151.64
467,Kurrent,654874.0,0.0660189856,9919485.0,5227.3936744,-16.24
468,Solaris,651013.0,1.6500348688,394545.0,9246.456008,-17.36
469,Xiaomicoin,650333.0,0.0016012469,406141855.0,27509.954048,19.71
470,Honey,591635.0,2.8351982632,208675.0,20521.789784,-29.21
471,Acoin,555882.0,0.4556089601,1220085.0,14453.347016,-28.83
472,GuccioneCoin,516080.0,0.0254407639,20285537.0,391135.83688,-6.38
473,Master Swiscoin,510971.0,0.0120404024,42438020.0,8166.218024,-6.36
474,Torcoin,504036.0,1.5941506104,316179.0,15447.29656,40.88
475,Eryllium,461745.0,0.0976791804,4727163.0,15163.044448,30.77
476,IOU1,421291.0,0.0053514025,78725319.0,15721.620504,-9.2
477,Mao Zedong,409703.0,0.0787323712,5203745.0,18919.689976,11.4
478,CrevaCoin,382787.0,0.010518794,36390750.0,13584.332472,-19.24
479,KiloCoin,367944.0,0.0018744181,196297971.0,8104.650056,-22.03
480,Money,367849.0,0.0080163627,45887218.0,4272.9169272,5.98
481,JetCoin,362450.0,0.1974919174,1835265.0,12405.345864,-45.92
482,GoldPieces,351802.0,0.2883246598,1220161.0,24778.641736,-1.04
483,SixEleven,350460.0,0.8338728272,420280.0,7130.823376,-7.37
484,MustangCoin,344606.0,0.5470253988,629963.0,6274.1557416,-18.07
485,Veros,330901.0,0.0022342443,148104141.0,31774.46868,-22.09
486,Onix,273431.0,0.0192814351,14181030.0,5471.386732,-13.52
487,Iconic,261503.0,0.4410625282,592894.0,8917.36056,
488,Coinonat,227605.0,0.0772064984,2948003.0,6447.5255424,3.17
489,BriaCoin,212317.0,4.5994670328,46161.0,6716.5056,-7.23
490,Neuro,207441.0,0.0104440996,19862072.0,5112.1802832,-18.64
491,Theresa May Coin,198274.0,0.0109796876,18058300.0,9128.983792,20.12
492,23 Skidoo,188651.0,746918.0672,0.0,7999.971184,-11.69
493,EcoCoin,160931.0,0.4023173528,400010.0,11559.785784,3.05
494,Wexcoin,144644.0,0.6617750313,218569.0,19189.34968,6.78
495,Ethbits,118504.0,0.4070002498,291165.0,21005.271576,-96.84
496,Ebittree Coin,81422.0,0.0747157942,1089750.0,28386.56464,-1.46
497,LiteBitcoin,78175.0,0.0245193766,3188280.0,12686.666168,-0.79
498,Enigma,54491.0,3.2773082464,16627.0,9419.232784,-3.06
499,LevoPlus,51078.0,0.0680206109,750919.0,19106.192944,-16.51
500,Bitvolt,48565.0,0.0032135747,15112554.0,4955.988212,-36.96
501,AppleCoin,40097.0,2.5175635192,15927.0,497343.91328,-5.85
502,PizzaCoin,23938.0,0.0173724283,1377917.0,4000.0588872,24.42
503,Xenixcoin,1498.0,0.1483601459,10100.0,3642.0451512,-24.54
504,CaliphCoin,1026.0,0.0117695433,87140.0,4020.0218344,-39.65
505,SuperNET,174938788.0,214.36980304,816061.0,3001.1785752,3.08
506,Arcade Token,80626351.0,42.090301656,1915557.0,84.18086984,-4.94
507,MUSE,76139748.0,0.055380787,1374840478.0,,
508,Jinn,49530129.0,843.7410264,58703.0,,0.16
509,AsiaCoin,21072828.0,0.0218003912,966626154.0,2482.3285176,7.11
510,Pangea Poker,18831192.0,18.843396336,999352.0,,
511,Bitpark Coin,18397678.0,0.2453023764,75000000.0,796.0458408,17.73
512,Janus,15291917.0,0.7247629272,21099198.0,2804.1477512,2.43
513,Link Platform,14929156.0,314.2764912,47503.0,636.72273192,12.06
514,Greencoin,10187900.0,0.0030953762,3291328641.0,2038.3528384,80.5
515,LTBcoin,9396107.0,0.0190257015,493863915.0,216.3274512,1593.9
516,ShadowCash,9394276.0,1.4031499824,6695133.0,761.5504544,72.99
517,MarteXcoin,8805986.0,3.2135147696,2740297.0,,
518,Carboncoin,8103532.0,0.0005264774,15391983446.0,,-1.46
519,FuckToken,8059425.0,0.186588257,43193633.0,1778.3214584,18.55
520,Rustbits,7986878.0,0.2262516213,35300866.0,610.22718344,-58.81
521,SmileyCoin,7604543.0,0.0002929303,25960250000.0,2152.5001176,-6.79
522,Tao,7426382.0,0.2439637395,30440517.0,32.414202512,1.36
523,Monster Byte,5964740.0,0.3545641974,16822736.0,1116.4391496,-24.31
524,Bitz,5278782.0,2.6514671864,1990891.0,8.007967024,0.24
525,Ultimate Secure Cash,5067819.0,0.4899704162,10343113.0,,
526,Orbitcoin,4970451.0,1.6486889024,3014790.0,679.113344,-8.9
527,CasinoCoin,4962226.0,0.1285511186,38601187.0,161.36138176,-18.42
528,Kobocoin,4886904.0,0.1978483986,24700248.0,1124.015208,51.09
529,BritCoin,4859074.0,0.2284678016,21268092.0,1737.1162296,67.52
530,Fantomcoin,4641623.0,0.7498365488,6190179.0,2264.2486448,9.61
531,E4ROW,4473549.0,1.073308256,4168000.0,52.613160256,-3.03
532,GlobalCoin,4399231.0,0.0675028802,65171010.0,790.2088776,5.73
533,GCoin,4239701.0,0.0000296584,142950935000,2121.462932,62.51
534,Rare Pepe Party,3776571.0,209.80950896,18000.0,,
535,NobleCoin,3696001.0,0.001606784,2300247812.0,279.6578356,20.25
536,I0Coin,3461811.0,0.1650014879,20980482.0,9.529775272,23.09
537,MetalCoin,3255948.0,0.042325979,76925527.0,,-2.79
538,FujiCoin,3252740.0,0.0030523253,1065659555.0,2022.4611064,-9.9
539,Canada eCoin,3209945.0,0.0329510565,97415544.0,1149.73516,-22.35
540,TeslaCoin,3162217.0,0.0434450635,72786574.0,621.54063072,-5.43
541,Casino,2981609.0,2.9816087568,1000000.0,2.9816087568,-11.45
542,Version,2973161.0,0.0065757921,452137301.0,57.058714032,-6.23
543,Footy Cash,2774234.0,0.6614258796,4194323.0,,
544,Shorty,2704753.0,0.027047528,100000000.0,107.83789512,1.25
545,Coin(O),2701968.0,0.0257085579,105099943.0,26.77973396,118.73
546,BTCtalkcoin,2622701.0,0.0401696343,65290635.0,12.050863624,-62.24
547,Trollcoin,2531802.0,0.0045258587,559408101.0,86.50299504,-3.57
548,BTSR,2513867.0,0.7655617008,3283690.0,,-3.22
549,Devcoin,2474917.0,0.0001704413,14520637500.0,575.32001128,17.68
550,SmartCoin,2444703.0,0.1054797886,23176982.0,2419.8143752,13.72
551,Monkey,2264995.0,0.0022649949,1000000000.0,,
552,Bitcloud,2232071.0,0.1979023706,11278645.0,100.98812552,23.27
553,Slimcoin,2156565.0,0.1446107633,14912897.0,2410.179388,44.75
554,CryptCoin,2150076.0,0.3553677793,6050285.0,24.87572456,-14.36
555,HoboNickels,2078543.0,0.036287454,57279930.0,559.37630632,6.62
556,MazaCoin,2058398.0,0.0018839132,1092618137.0,2445.7009072,-2.73
557,BitBar,2044091.0,60.407838248,33838.0,389.314118,-4.45
558,Phoenixcoin,2006642.0,0.0335198939,59864200.0,929.84956,-1.03
559,AmberCoin,1930932.0,0.044186611,43699481.0,282.83151776,21.63
560,GAIA,1886237.0,0.0782626156,24101381.0,,-3.31
561,Bitstar,1882819.0,0.0815788902,23079737.0,1098.5351312,31.37
562,UltraCoin,1836462.0,0.0419375811,43790375.0,692.5197024,3.05
563,UFO Coin,1812326.0,0.0005355953,3383760012.0,485.91852424,-6.28
564,Flycoin,1778611.0,8.437210368,210806.0,525.81443424,-52.72
565,BitcoinTX,1771178.0,0.0216915812,81652784.0,297.66579992,-39.85
566,Stress,1768738.0,0.003129765,565134332.0,,-2.36
567,Anoncoin,1706809.0,0.8087925424,2110317.0,728.9141008,-13.47
568,Francs,1612153.0,0.4206991226,3832080.0,3022.1143496,-0.14
569,QubitCoin,1593494.0,0.0064271428,247931893.0,1509.8211512,13.54
570,RussiaCoin,1566647.0,0.1906721322,8216446.0,380.13089576,-3.61
571,Truckcoin,1509535.0,0.0109804205,137475178.0,76.56949648,3.45
572,SuperCoin,1468982.0,0.0335380845,43800401.0,920.154604,-23.12
573,GameUnits,1457112.0,0.4195563838,3472983.0,116.43942,-9.45
574,DigitalPrice,1405483.0,0.0604466181,23251634.0,2328.6684624,4.24
575,GlobalBoost-Y,1395088.0,0.1115319732,12508412.0,1151.3543176,-13.37
576,FuelCoin,1386583.0,0.0136576943,101523929.0,429.10941368,-7.04
577,Ratecoin,1354617.0,0.0123208565,109945075.0,1041.7979832,28.46
578,Titcoin,1354577.0,0.0271468096,49898202.0,1804.3878968,-1.6
579,Bottlecaps,1353182.0,0.0080680691,167720642.0,1028.065128,-1.08
580,Machinecoin,1349687.0,0.0680579248,19831450.0,1976.8181864,-27.43
581,CageCoin,1348001.0,0.0000133243,101168328395,144.57744728,-7.7
582,LanaCoin,1288325.0,0.0016382277,786413878.0,1239.6084016,-14.94
583,FlutterCoin,1268710.0,0.0039374714,322214524.0,215.76507712,-55.19
584,PureVidz,1174238.0,0.0093729235,125279775.0,101.92163984,0.02
585,ReeCoin,1152590.0,0.0931935142,12367704.0,14.298494248,-30.23
586,Mineum,1150802.0,0.1219538843,9436367.0,676.8278664,-27.97
587,PayCoin,1150539.0,0.098013673,11738560.0,171.37817032,-26.09
588,Darsek,1150041.0,0.1033695532,11125532.0,76.81470224,27.85
589,TEKcoin,1136384.0,0.0008036352,1414054562.0,646.28442392,-2.44
590,ChessCoin,1132478.0,0.0209590956,54032769.0,469.09327792,-5.05
591,NewYorkCoin,1128430.0,0.0000188954,59719935819.0,2488.2987448,-64.89
592,Joulecoin,1117837.0,0.0333472504,33521104.0,963.8185536,-2.8
593,bitSilver,1056045.0,121.27956848,8708.0,1894.614288,-4.16
594,Timereum,1046076.0,0.1089852982,9598323.0,,
595,GoldBlocks,1028523.0,0.0683884195,15039427.0,742.6869352,-28.77
596,LottoCoin,1019714.0,0.0000703687,14491014421.0,0.3886771161,4.49
597,B3Coin,987105.0,1.5359942008,642649.0,208.38958104,49.94
598,Eurocoin,978200.0,0.0822325502,11895528.0,2946.4403872,-2.36
599,020LondonCoin,964248.0,0.0000061829,155953750248,5.5646182264,-1.05
600,Coin2.1,963690.0,0.009639185,99976323.0,695.5847744,-4.54
601,Prime-XI,963400.0,0.0597876942,16113685.0,1304.454664,-18.68
602,AurumCoin,956224.0,3.2281338304,296216.0,91.6989584,-38.19
603,Valorbit,940781.0,0.0002677973,3513032843.0,13.930818872,0.25
604,PipCoin,937290.0,0.133899003,6999979.0,503.58200112,6.65
605,Good Karma,928986.0,0.0021048782,441349000.0,,-1.5
606,Cannacoin,926172.0,0.197116113,4698610.0,502.83105848,0.95
607,Pascal Lite,898780.0,0.2999332869,2996600.0,1747.0310712,4.81
608,UniCoin,891667.0,0.3026745274,2945961.0,57.44944408,13.31
609,Dollarcoin,865756.0,0.0950678723,9106714.0,63.743902592,10.89
610,Asiadigicoin,861266.0,0.0345458935,24931054.0,600.78476272,16.51
611,PetroDollar,856403.0,0.013382704,63993275.0,24.199143232,68.49
612,GoldReserve,855313.0,0.0498103518,17171382.0,185.11768872,-17.52
613,BitTokens,850782.0,1.52470674,557997.0,197.54988728,56.54
614,Electra,849867.0,0.0000422145,20132097432.0,2157.8973096,-67.87
615,HOdlcoin,837072.0,0.0069627108,120222090.0,285.77265424,-37.94
616,OctoCoin,835397.0,0.0167881989,49760980.0,457.7485136,-8.24
617,Swing,834440.0,0.3341135039,2497476.0,337.67565064,-19.57
618,Elementrem,825182.0,0.0324035414,25465789.0,3.0229006072,-8.79
619,Yacoin,824625.0,0.0069922954,117933383.0,161.96973192,18.83
620,Evil Coin,816051.0,0.0388218688,21020383.0,127.21114912,12.55
621,WayGuide,803722.0,0.0080339535,100040708.0,357.60794712,
622,BERNcash,788723.0,0.0110722394,71234301.0,263.52356312,-0.23
623,Bolivarcoin,782830.0,0.1058242761,7397450.0,705.6795224,18.74
624,Scorecoin,774718.0,0.0281205697,27549875.0,2432.8942368,-11.85
625,SproutsExtreme,767670.0,0.0002677973,2866607586.0,8.033953504,
626,Tigercoin,746178.0,0.0171390164,43536800.0,191.46172144,
627,Blakecoin,744315.0,0.0492183931,15122697.0,1912.1584936,-19.61
628,C-Bit,742810.0,0.0051003664,145638500.0,314.53369072,-9.94
629,Sterlingcoin,738936.0,0.1768706461,4177834.0,1633.1969624,-5.77
630,Sativacoin,719889.0,0.1016524466,7081861.0,435.60070312,1.82
631,Nyancoin,716602.0,0.0024055818,297891209.0,1777.57518,2.9
632,HempCoin,716336.0,0.00052802,1356645470.0,,3.14
633,Universe,716193.0,0.1197683547,5979817.0,342.59642384,-1.6
634,BunnyCoin,715780.0,0.0000070265,101867974134,2754.5468904,-12.98
635,PlatinumBAR,711635.0,2.8134762312,252938.0,2526.7653984,-18.65
636,SwagBucks,710212.0,2.8595389328,248366.0,1919.7478784,-24.88
637,AllSafe,709638.0,0.0883733553,8030000.0,1389.6969816,-4.79
638,Bit20,708847.0,697683.6824,1.0,2561.4140384,-4.66
639,ICOBID,700220.0,0.0066492872,105307493.0,552.28399624,3.36
640,Universal Currency,694480.0,0.0532314386,13046431.0,207.87451568,-43.36
641,Tattoocoin (Standard Edition),692711.0,0.0076608809,90421856.0,625.02348536,14.35
642,KushCoin,691808.0,0.1271771668,5439721.0,885.8257976,1.9
643,CorgiCoin,678709.0,0.0005421626,1251855418.0,2652.6798888,-51.62
644,TittieCoin,675532.0,0.0005362144,1259816434.0,482.88277032,-0.22
645,KibiCoin,662632.0,0.0450739494,14701000.0,290.20301592,-25.34
646,Cypher,654948.0,0.1028938007,6365285.0,,-5.36
647,DigiCube,650513.0,0.0002677973,2429126009.0,581.07301816,0.25
648,Prototanium,645525.0,3.3077057648,195158.0,352.68250968,2.66
649,Global Tour Coin,645184.0,0.0224950298,28681159.0,33.742511432,-6.43
650,Dreamcoin,643292.0,0.2626746714,2449007.0,,
651,Freicoin,615860.0,0.0215148731,28624865.0,0.4741333224,-44.84
652,AquariusCoin,607557.0,0.452816413,1341728.0,22.097636584,7.12
653,Sling,585173.0,0.5448058869,1074095.0,,-5.35
654,GlobalToken,577767.0,0.0250429042,23071100.0,973.4202248,11.09
655,GPU Coin,576878.0,0.0142519851,40477042.0,590.5860688,-2.59
656,Aricoin,576125.0,0.0041074763,140262505.0,1393.0285816,2.93
657,MTMGaming,566925.0,0.1889750152,3000000.0,649.50741376,18.02
658,300 Token,562375.0,1874.5847088,300.0,1479.2703792,-11.67
659,Grantcoin,561446.0,0.0133264,42130371.0,17.5641952,-0.22
660,Flaxscript,558096.0,0.1004244188,5557374.0,121.56741872,-9.22
661,BigUp,557907.0,0.0002677973,2083316766.0,32.135747384,40.15
662,Vector,554222.0,0.0342492478,16182014.0,,-4.32
663,Bitcurrency,547066.0,0.0032256485,169598616.0,31.373144144,-4.38
664,Joincoin,545954.0,0.222983988,2448402.0,300.19515064,-57.01
665,SatoshiMadness,535778.0,0.0002677973,2000683485.0,8.033953504,0.26
666,SOILcoin,529867.0,0.0929256535,5702048.0,1056.1771688,-6.92
667,Guncoin,526705.0,0.0027866502,189009928.0,401.55508272,-13.0
668,Bitzeny,526482.0,0.0069627108,75614500.0,134.67126784,0.25
669,Jin Coin,519201.0,0.0527188386,9848485.0,,-2.78
670,BoostCoin,507980.0,0.042847641,11855487.0,91.55303432,-52.54
671,X-Coin,507450.0,0.0409730163,12384976.0,8.45759976,-1.44
672,BipCoin,503802.0,0.3275162696,1538251.0,2571.4221648,11.8
673,Spots,503405.0,0.0224673776,22406021.0,327.6162176,10.92
674,Halcyon,503190.0,0.1020309163,4931740.0,2.3565806072,0.51
675,Rimbit,500633.0,0.0043344982,115499623.0,117.75740096,-0.17
676,Franko,498175.0,0.782126416,636950.0,,-5.56
677,WMCoin,493926.0,0.042847641,11527489.0,42.84737444,
678,Gapcoin,473021.0,0.0415086043,11395743.0,274.97827024,-1.08
679,SpaceCoin,469213.0,0.024610196,19065777.0,168.70489448,-76.43
680,PX,459244.0,0.0053642691,85611656.0,,0.41
681,Independent Money System,458458.0,0.085390907,5368934.0,122.07582088,10.08
682,VirtualCoin,458182.0,0.045525581,10064287.0,131.86339536,14.24
683,Artex Coin,452674.0,0.0241017939,18781750.0,136.22312712,4.78
684,PayCon,450465.0,0.0195492291,23042604.0,624.11062696,-48.05
685,The Cypherfunks,446246.0,0.0000098904,45119195000.0,1072.508672,-63.39
686,SecretCoin,437076.0,0.1033602247,4228672.0,,-2.77
687,HealthyWormCoin,433076.0,0.0040169634,107811813.0,295.13711552,0.25
688,SecureCoin,428306.0,0.0533649691,8025986.0,437.19054264,-42.33
689,Evotion,426496.0,0.172724803,2469220.0,213.84141128,10.93
690,Chronos,417891.0,0.0056678578,73729962.0,156.81108248,-41.76
691,Marscoin,416519.0,0.0147288703,28279074.0,520.74707064,-11.87
692,Quatloo,413893.0,0.0545084409,7593183.0,1965.5840312,-1.12
693,NevaCoin,412343.0,0.1941809734,2123500.0,319.07199624,-0.66
694,BumbaCoin,397476.0,0.017925274,22174050.0,65.848207784,-1.32
695,RedCoin,396918.0,0.0053559535,74107896.0,183.85234704,5.46
696,Putin Classic,393613.0,0.0115152756,34181854.0,26.77973396,-0.53
697,Gold Pressed Latinum,392998.0,1.7406877048,225772.0,122.1830984,
698,UCoin,392576.0,0.1459494002,2689812.0,26.77973396,0.25
699,Debitcoin,385237.0,0.0214038642,17998477.0,77.71490056,13.87
700,CompuCoin,383459.0,0.0195492291,19615019.0,740.3614784,-15.84
701,BeaverCoin,379276.0,0.1217479914,3115258.0,570.97227328,31.71
702,Unrealcoin,369877.0,0.0526560713,7024402.0,,-3.37
703,Creatio,360031.0,0.0175449386,20520514.0,139.1675952,-23.5
704,Kittehcoin,349944.0,0.0000146385,23905669976.0,516.16278904,-4.99
705,Argentum,348494.0,0.0437319809,7968853.0,1597.0157864,1.43
706,Dobbscoin,338920.0,0.0669751548,5060382.0,,
707,IslaCoin,336049.0,0.2220044976,1513704.0,3.3300608008,5.06
708,Tristar Coin,332703.0,0.066171906,5027857.0,,0.29
709,BillaryCoin,329576.0,0.0366882455,8983158.0,128.77366952,4.84
710,Bitcoin Planet,322045.0,0.0635329457,5068943.0,1577.8657496,-4.61
711,Marijuanacoin,308607.0,0.2747630489,1123175.0,460.5670472,-6.7
712,BBQCoin,305473.0,0.006017296,50765854.0,10.525323984,-8.66
713,Alexium,298957.0,0.0147288703,20297336.0,28.19133288,
714,PonziCoin,294707.0,0.3422452732,861099.0,111.02157208,-5.47
715,Hexx,292935.0,0.2056443426,1424476.0,754.6140632,14.53
716,TradecoinV2,292282.0,0.017406877,16791170.0,187.45847088,-2.74
717,FlavorCoin,279824.0,0.0133899003,20898106.0,89.16560976,
718,RonPaulCoin,274753.0,0.3245704689,846513.0,204.38233256,-4.52
719,Allion,272269.0,0.043918817,6199359.0,1237.9292752,-12.55
720,BnrtxCoin,270630.0,0.0131221063,20624001.0,129.18412264,0.25
721,Destiny,269668.0,0.1685423124,1600000.0,,-1.42
722,Philosopher Stones,262240.0,0.1079525022,2429219.0,,-2.38
723,AntiBitcoin,262032.0,0.0150031276,17465159.0,,-6.4
724,PopularCoin,256999.0,0.0000762863,3368875248.0,718.3795816,-5.0
725,Dix Asset,256583.0,0.0000025658,100000000000,234.70855472,-3.65
726,ARbit,255403.0,0.0361526575,7064570.0,25.613207536,1.57
727,MACRON,243928.0,0.0006076605,401421401.0,666.7797608,-61.74
728,GBCGoldCoin,243054.0,0.021392137,11361817.0,103.83397824,3.58
729,Hirocoin,242240.0,0.0007579856,319583572.0,,-5.42
730,Jewels,237802.0,0.0117830696,20181636.0,477.74411048,-22.62
731,Photon,234693.0,0.0000123658,18979114023.0,287.05598656,-1.05
732,Uro,232463.0,0.1925464904,1207310.0,194.42617912,-24.92
733,SoonCoin,230285.0,0.0184780531,12462620.0,36.95610616,0.25
734,AgrolifeCoin,228735.0,0.0393662522,5810423.0,179.50127744,-54.93
735,Comet,221758.0,0.254067816,872830.0,294.91256568,33.45
736,Cashcoin,218937.0,0.0080339535,27251500.0,3060.3011488,15.67
737,BenjiRolls,217822.0,0.0110091389,19785576.0,106.3846512,77.71
738,Steps,217648.0,0.0116857869,18625017.0,,-2.79
739,CryptoWorldX Token,215071.0,0.0037478168,57385690.0,16.453639656,0.34
740,UniBURST,214591.0,0.2145916876,999999.0,0.2145916876,-2.99
741,Beatcoin,213889.0,0.1402836812,1524686.0,907.1347112,60.96
742,BiosCrypto,213457.0,0.0102516664,20821709.0,229.94170144,17.74
743,Pulse,208584.0,0.014587344,14298972.0,,
744,MindCoin,208317.0,0.0166034284,12546625.0,98.0689776,-12.25
745,Ammo Rewards,208287.0,0.0026779734,77777777.0,39.192475976,0.25
746,Solarflarecoin,204475.0,0.0145188463,14083450.0,1959.2073488,18.44
747,Firecoin,203167.0,2.0644525928,98412.0,19.518445128,-5.3
748,SongCoin,200581.0,0.0061593488,32565300.0,9.42542956,0.57
749,TAGRcoin,196757.0,0.0050881528,38669634.0,990.7112288,26.98
750,Wyvern,194808.0,0.133899003,1454887.0,84.38009952,0.25
751,GameBet Coin,193600.0,0.0091051295,21262780.0,169.34789328,13.62
752,BitQuark,193543.0,0.027047528,7155671.0,52.721837048,0.25
753,Luna Coin,190417.0,0.1309532022,1454086.0,1451.7513632,1.07
754,Cabbage,188396.0,0.0179424651,10499996.0,15.318297008,-7.99
755,Cthulhu Offerings,186709.0,0.0712342722,2621052.0,47.821386608,-1.37
756,Printerium,180452.0,0.0152644584,11821728.0,19.778443192,0.25
757,VIP Tokens,178782.0,0.0021423787,83450403.0,12.945065064,0.26
758,GanjaCoin,176764.0,0.1817341158,972649.0,1025.699692,-2.02
759,Metal Music Coin,171086.0,0.0021461034,79719140.0,207.96780048,-32.42
760,Blackstar,168925.0,0.0002677973,630795971.0,10.711893584,-49.87
761,Orlycoin,166837.0,0.0045525581,36646779.0,22.913012368,0.25
762,Ride My Car,162709.0,0.001606784,101263604.0,36.443239656,-7.06
763,G3N,162004.0,0.0214237872,7561891.0,26.77973396,-22.13
764,ZetaMicron,160771.0,0.0002677973,600344291.0,1400.1248896,0.25
765,Zayedcoin,160520.0,0.0257085579,6243840.0,348.13287672,-12.95
766,LeaCoin,159505.0,0.0005510167,289473889.0,399.6720624,-10.02
767,Vault Coin,159375.0,0.005316474,29977660.0,1256.4063288,-6.34
768,TajCoin,158167.0,0.0231226366,6840342.0,1254.813824,-17.93
769,CryptoEscudo,154364.0,0.0010711894,144105100.0,291.71689496,-27.81
770,SocialCoin,154063.0,0.1122069554,1373029.0,35.356005312,0.97
771,AnarchistsPrime,151825.0,0.0345458935,4394874.0,68.64695168,7.77
772,Impact,144745.0,0.0013222321,109470345.0,,
773,Virtacoin,143183.0,0.0000275282,5201310113.0,,-8.3
774,Coimatic 2.0,143071.0,0.0250748876,5705750.0,2184.6500576,-24.6
775,High Voltage,138847.0,0.0929256535,1494171.0,4.138813364,
776,MiloCoin,138697.0,0.0128543123,10789954.0,288.57852776,-17.03
777,Digital Rupees,136792.0,0.0002677973,510802961.0,13.389900296,0.25
778,KingN Coin,136728.0,68.17919504,2005.0,1585.7283256,0.22
779,OsmiumCoin,135599.0,0.1516724226,894026.0,,
780,WARP,134331.0,0.1226515214,1095224.0,24.289229696,0.25
781,Dollar Online,133833.0,0.1775496262,753776.0,206.525884,-1.71
782,DAPPSTER,131673.0,0.0013167349,100000000.0,,-1.42
783,iBank,129699.0,0.0286543586,4526324.0,182.91949904,0.25
784,PLNcoin,128144.0,0.0074983655,17089600.0,106.53324056,0.25
785,Doubloon,127701.0,0.0068849513,18547845.0,393.58589552,-3.49
786,Litecred,126186.0,0.0041744948,30227750.0,45.525581048,2.27
787,MantraCoin,125781.0,0.027047528,4650380.0,267.7973396,-29.08
788,BitCoal,125329.0,0.0278509766,4500000.0,288.38929288,-17.03
789,FuzzBalls,124844.0,0.0258478854,4829945.0,389.37142152,-0.28
790,Crypto,116697.0,0.0107118936,10894181.0,73.12662104,-19.8
791,RSGPcoin,115358.0,66.9451704,1723.0,1617.2785776,-3.9
792,EGO,110674.0,0.001844567,60000001.0,,-1.35
793,Revenu,106613.0,0.0891769372,1195525.0,940.8971456,33.53
794,CRTCoin,101897.0,1.285431228,79270.0,13.781896352,0.25
795,PosEx,98546.0,0.0401696343,2453240.0,467.2102576,-0.27
796,BowsCoin,96610.0,0.017406877,5550102.0,335.4621356,-2.11
797,Xonecoin,96054.0,0.2286990146,420000.0,28.129964808,-4.87
798,LetItRide,95747.0,0.0026779734,35753521.0,49.622915992,11.39
799,BlazeCoin,93819.0,0.0001541658,608557394.0,76.76139664,-15.83
800,Shilling,93601.0,0.0230306178,4064200.0,83.64581488,8.09
801,ImpulseCoin,88803.0,0.0043863113,20245510.0,,-3.41
802,Zonecoin,88505.0,0.0342780994,2581970.0,26.42491856,
803,DPAY,85203.0,0.0010711894,79541001.0,38.185266664,0.25
804,Concoin,78188.0,0.1050540102,744266.0,,-3.37
805,VapersCoin,77838.0,0.0000997761,780124964.0,98.85123728,11.35
806,JIO Token,76649.0,0.0401696343,1908128.0,26.77973396,36.71
807,1CRedit,76324.0,0.8652231832,88213.0,60.394511848,-2.82
808,Antilitecoin,75951.0,0.0024101794,31512613.0,114.173932,-17.98
809,Speedcash,73483.0,0.280651985,261831.0,153.46149184,9.48
810,Save and Gain,64839.0,0.0211559932,3064800.0,3.8469118984,43.99
811,Argus,62780.0,0.0546710229,1148324.0,659.23302048,-6.54
812,SydPak,59079.0,0.3714354198,159057.0,24.17808752,4.55
813,JobsCoin,56783.0,0.0005355953,106019270.0,16.853031864,0.25
814,Rawcoin,50620.0,0.0718133043,704882.0,1065.0725408,-3.91
815,CCMiner,50159.0,0.0167977939,2986026.0,77.99208968,47.06
816,GeertCoin,49047.0,0.0096335879,5091200.0,321.65865048,-27.47
817,Future Digital Currency,46521.0,0.016897009,2753201.0,,0.22
818,Magnum,44172.0,0.0117830696,3748760.0,3.3389028672,
819,BioBar,42934.0,0.0484713818,885756.0,82.9834928,0.16
820,Elysium,42241.0,0.0105469794,4005012.0,,-5.99
821,Californium,41478.0,0.3733097779,111110.0,556.80631008,30.24
822,Lex4All,37795.0,0.037795003,1000000.0,82.01532984,64.77
823,P7Coin,37728.0,0.0010711894,35220238.0,2.7315388608,-19.8
824,Slevin,37492.0,0.0005355953,70000000.0,472.05706928,0.25
825,BTCDragon,37250.0,0.0923879333,403189.0,5.016656648,4168.37
826,NodeCoin,35959.0,0.0214237872,1678439.0,20.095278352,
827,BurstOcean,30948.0,0.1460986558,211827.0,14.171560288,-0.8
828,Qibuck Asset,30747.0,0.0205772942,1494228.0,480.06823464,-33.72
829,Selfiecoin,28876.0,0.0002677973,107829281.0,39.07433744,-0.04
830,SwapToken,16225.0,0.0000010591,15320585365.0,2311.7239448,-5.64
831,Zcashshare,14500.0,0.0051309905,2826000.0,,
832,Abncoin,13917.0,0.2055737127,67700.0,454.93531056,-21.73
833,Powercoin,13386.0,0.0002677973,49983870.0,403.17490664,0.25
834,Digital Credits,9362.0,0.001606784,5826388.0,128.1200096,-22.01
835,MikeTheMug,6714.0,0.0067191042,999279.0,279.28003216,-2.99
836,Environ,4449.0,0.0000335421,132635365.0,0.6565570794,-87.43
837,Digital Money Bits,2740.0,0.0065040961,421300.0,84.38009952,1.36
838,GXShares,,20.673510848,,86419038.72,-7.57
839,Hshare,,92.068766,,57285396.096,-8.7
840,Health Care Chain,,0.4282172112,,51986353.032,-8.81
841,VeChain,,1.5500002472,,45404310.808,
842,FedoraShare,,0.00015,,21581571.744,-0.56
843,CoinDash,,0.8464796016,,13522964.4,-1.9
844,InfChain,,0.1908626998,,13284022.048,-3.96
845,DynamicCoin,,6.663266632,,6251400.9136,0.03
846,Pura,,1.9557091688,,3907567.008,11.35
847,Fargocoin,,47.328309808,,3097741.6696,-2.0
848,BlockCAT,,20.829896152,,3029144.0256,6.23
849,Lepaoquan,,0.1294379906,,2755153.2416,7.96
850,Storjcoin X,,5.9761707744,,1791454.6256,-10.18
851,Asset Backed Coin,,3.1220023808,,1705752.5472,-3.36
852,Sphre AIR ,,1.4619593856,,1281733.152,-14.55
853,BagCoin,,0.0284599931,,1045789.24,7.83
854,eBoost,,1.2988175968,,980263.3312,23.79
855,Aseancoin,,0.1116719004,,851923.436,22.62
856,Krypstal,,0.5355000618,,734031.4384,-1.49
857,InvestFeed,,0.4186288664,,691127.0936,7.99
858,DeusCoin,,3.9133240128,,661785.6924,39.33
859,Gycoin,,0.0990018256,,559796.75424,-5.12
860,DHG,,0.899998424,,509358.99552,-21.65
861,AvatarCoin,,1.0101344568,,507589.2496,-33.97
862,Bitok,,0.0053559535,,489166.16792,1.56
863,Aeternity (Pre-Launch),,5.2756152528,,378479.7548,-6.93
864,Growers International,,5.30507326,,351163.30008,-0.69
865,Zilbercoin,,3.3945072712,,336946.69656,-0.23
866,Golos Gold,,0.6052224539,,323323.11784,-7.76
867,ClubCoin,,2.7360698368,,320880.38872,-2.77
868,HarmonyCoin,,0.1778201521,,266235.48552,4.53
869,Fuda Energy,,0.1200002341,,252038.8716,0.11
870,FiboCoins,,0.3576799097,,247543.87688,-2.69
871,DigitalDevelopersFund,,2.5912118688,,202576.60536,14.62
872,Internet of People,,3.9534964456,,183985.61104,-7.85
873,Digitalfund,,0.0639999694,,165463.24768,6.54
874,AxFunds,,0.4601206128,,161931.75168,1.69
875,Lazaruscoin,,0.0168712224,,135566.1356,57.46
876,First Bitcoin Capital,,5.4089792008,,103181.65096,-8.42
877,GulfCoin,,0.0334774493,,92152.056,4.59
878,Stakecoin,,7.238300792,,90328.33816,-10.42
879,Bitdeal,,0.4847198146,,87551.1164,-21.32
880,Tychocoin,,0.9105129536,,83579.8492,2.89
881,WA Space,,0.3082349678,,83398.61016,-5.64
882,TerraNova,,339.52602128,,80137.64008,-8.29
883,Goldpay Coin,,0.0300099867,,79707.19736,3.27
884,Mind Gene,,0.077661595,,74597.8556,3.83
885,Ergo,,43.176803048,,69881.64264,19.17
886,Pabyosi Coin (Special),,0.6351082386,,66845.88872,4.5
887,Bolenum,,0.0578443053,,56278.120152,-4.88
888,Sakuracoin,,0.0320261377,,51509.068016,138.34
889,Falcoin,,9.624725872,,48974.52,-1.23
890,YOYOW,,0.6476303903,,38010.55756,-3.0
891,Bitcoin Unlimited (Futures),,3011.899664,,35325.354592,-6.55
892,Minex,,1.9013641096,,34958.612064,-18.62
893,AlpaCoin,,1.906974524,,34632.98148,11.54
894,HBCoin,,0.0594999772,,32038.398032,23.83
895,ShellPay,,0.1110002498,,25500.133032,1.07
896,Pirate Blocks,,0.0235662059,,24476.798776,59.84
897,TeraCoin,,0.0037491694,,23099.848496,-29.82
898,Primulon,,0.0010711894,,22983.309128,-6.13
899,AdShares,,0.9991535032,,21401.53208,-2.78
900,9COIN,,0.0083017475,,19648.577424,-30.94
901,FireFlyCoin,,0.0010711894,,19230.594888,96.63
902,Nexxus,,0.0631147632,,16642.608008,-24.38
903,Excelcoin,,0.0144610763,,15157.314096,-32.64
904,Fazzcoin,,0.0269054685,,14272.307872,-8.8
905,Flash,,0.0294577407,,14248.58688,5.53
906,PeopleCoin,,0.0074983655,,12866.239408,-7.29
907,Hyper,,0.2453017101,,12485.037736,-1.58
908,EMoneyPower,,0.6940255856,,12008.41904,-17.47
909,Dubstep,,0.0061593488,,8827.340728,-7.77
910,Wowecoin,,0.6796464,,7910.417776,-7.81
911,Remicoin,,0.9107794816,,7787.681632,-48.97
912,Sharkcoin,,0.2415463306,,7366.767288,176.51
913,Paccoin,,0.0000006322,,6915.801912,9.4
914,TechShares,,4.548933324,,6818.78572,5.6
915,First Bitcoin,,0.1231872426,,6539.7775464,30.6
916,Tyrocoin,,0.6694916832,,6400.3634128,-16.46
917,LandCoin,,0.0855188404,,5905.2143576,-10.14
918,RubleBit,,0.0286456299,,5761.1759632,-12.42
919,TeslaCoilCoin,,4.9879982248,,4479.236252,0.22
920,President Trump,,0.0323454383,,4318.6331424,13.92
921,Smoke,,0.0354634827,,4300.8690512,2.42
922,AmsterdamCoin,,0.0303885897,,4275.2223944,5.78
923,T-coin,,0.0005429035,,4143.7907744,1.71
924,StrongHands,,0.0000006721,,4031.7424032,-14.78
925,Elacoin,,0.645445527,,3471.7337592,-33.65
926,Yogold,,0.0618612821,,2730.146252,-14.55
927,President Johnson,,0.7230504848,,2657.6706256,-3.91
928,Braincoin,,0.0682884715,,2356.6539024,66.17
929,EDRCoin,,0.1020908851,,2332.3732016,-24.1
930,RoyalCoin,,0.0104440996,,2301.3626688,-6.16
931,UtaCoin,,0.073376491,,2258.2784176,-10.23
932,Project-X,,1293460.384,,2124.6546048,-7.1
933,LeviarCoin (Pre-Launch),,0.7230504848,,2049.2271808,20.15
934,Bitcedi,,0.0249050426,,1809.3120016,-14.46
935,STEX,,1.448446416,,1797.2715992,3.08
936,Quartz,,0.0002677973,,1676.227908,0.25
937,MarxCoin,,0.0082721629,,1475.2591328,5.23
938,UR,,0.0072690181,,956.0092832,13.17
939,SnakeEyes,,0.2309691669,,914.8706864,2.62
940,GAY Money,,0.4908732798,,856.8008984,-1.1
941,DraftCoin,,1.785137912,,821.1661048,-0.27
942,Royalties,,0.800716744,,791.454896,12.71
943,IrishCoin,,0.0069627108,,672.7633144,-14.23
944,Moneta,,0.0018745847,,659.26567016,-23.68
945,LinkedCoin,,0.0010711894,,600.01383048,-19.8
946,Voyacoin,,8.573805968,,528.49037536,0.26
947,WomenCoin,,0.0585229522,,454.73941248,21.98
948,LePen,,0.0002737776,,381.91729968,-5.92
949,President Clinton,,0.0002677973,,377.61820304,0.26
950,UniversalRoyalCoin,,0.0139254883,,369.54640256,2.22
951,XDE II,,13.150224992,,321.09094584,
952,Animecoin,,0.0010711894,,315.48053144,76.05
953,Neptune Classic,,0.0018745847,,301.89426664,16.95
954,Wink,,0.0010914921,,289.76457736,2.15
955,BestChain,,0.0064271428,,282.33510936,-15.74
956,SHACoin,,0.0042847641,,280.10626896,-10.89
957,Happy Creator Coin,,0.0024101794,,278.6317028,-5.56
958,Fonziecoin,,0.001606784,,276.09035832,-4.2
959,Avoncoin,,0.0021423787,,274.6437776,-0.1
960,Global Business Revolution,,0.0005355953,,267.26228464,-33.17
961,RHFCoin,,0.0037491694,,248.28815632,16.96
962,PiCoin,,0.0396340462,,241.0179388,0.35
963,RabbitCoin,,0.0000049168,,230.83923448,-18.54
964,Aces,,0.00103784,,226.23429696,66.73
965,Alphabit,,80.34020136,,226.12302152,-9.62
966,Motocoin,,0.0415439859,,190.95465192,42.4
967,Coupecoin,,0.0000094748,,188.28004344,-64.16
968,Antimatter,,0.0001625028,,183.49719848,-28.59
969,Opal,,0.0863464098,,181.41961272,-0.03
970,Halloween Coin,,0.0013392965,,179.33869536,0.92
971,GoldUnionCoin,,5.3559534552,,179.18211016,-57.87
972,PayPeer,,0.0002677973,,164.92686008,-49.87
973,FutCoin,,0.0083017475,,163.6515236,0.25
974,PeepCoin,,0.0000027835,,161.92042424,-93.11
975,BlazerCoin,,0.006453076,,142.53051224,45.98
976,Internet of Things,,7230.504848,,134.55799344,-9.77
977,Huncoin,,0.0053559535,,126.83601096,
978,MoneyCoin,,0.0005355953,,119.28860432,-26.89
979,BTCGold,,0.1017630557,,107.4241104,150.63
980,BatCoin,,0.0000092330,,104.97738336,12.72
981,SportsCoin,,0.0104440996,,98.89921232,0.25
982,RoyalCoin 2,,0.0216915812,,95.99738872,2.79
983,Rcoin,,0.0002677973,,93.72856912,
984,UNCoin,,0.0002677973,,90.969338,0.25
985,Yescoin,,0.0001764908,,90.1964068,700.15
986,AMIS,,1134.3365048,,84.18086984,-89.72
987,Donationcoin,,0.0032135747,,83.42526296,-9.4
988,CyberCoin,,0.0005355953,,80.85393408,0.25
989,Bitgem,,5.976823768,,70.50132024,-0.27
990,Dashs,,0.1877263315,,67.24368176,-8.79
991,Quotient,,0.0334747174,,66.94916832,0.25
992,Clinton,,0.0289221527,,57.929461008,
993,TodayCoin,,0.0091051295,,56.316500184,0.25
994,Wowcoin,,0.0002671703,,55.879727424,-37.9
995,Skeincoin,,0.017406877,,51.58416228,0.25
996,MobileCash,,0.00133899,,51.052705448,-8.4
997,Advanced Internet Blocks,,0.0482035878,,50.84221496,14.63
998,GeyserCoin,,0.2166479511,,50.321352616,16.9
999,GoldMaxCoin,,0.0053559535,,50.217406696,-37.06
1000,BitAlphaCoin,,0.0184780531,,46.627341168,30.52
1001,netBit,,0.1430035994,,44.065540664,3.35
1002,Cycling Coin,,0.0069627108,,42.079840432,0.25
1003,PokeCoin,,0.0005355953,,40.169634256,0.25
1004,Birds,,0.0002677973,,39.208534288,-0.26
1005,Axiom,,0.0522205645,,37.655009208,0.77
1006,ZSEcoin,,0.0450242419,,35.364800736,26.2
1007,SoulCoin,,0.0002677973,,32.454381608,0.26
1008,Xaucoin,,0.1282752622,,29.21380092,
1009,InvisibleCoin,,2.7296598384,,27.061454056,0.68
1010,Etherx,,13.389900296,,26.77973396,0.25
1011,UGAIN,,0.0042847641,,25.708557928,-15.58
1012,Operand,,0.0053559535,,24.48126312,
1013,LAthaan,,0.0021423787,,21.313444576,0.25
1014,BitCentavo,,0.0000123658,,20.094478768,-67.9
1015,Tellurion,,0.0006377882,,17.539941152,15.17
1016,DarkLisk,,0.0045525581,,14.586144592,0.25
1017,X2,,0.0005355953,,11.783069616,7.74
1018,EggCoin,,0.1122069554,,11.220695536,
1019,CBD Crystals,,0.0088373355,,11.183248352,-8.1
1020,AsicCoin,,0.003060541,,9.434491512,
1021,Victoriouscoin,,0.000173707,,8.979061792,2.74
1022,PrismChain,,0.0042847641,,8.65283152,
1023,Karmacoin,,0.0002677973,,8.033953504,0.25
1024,President Sanders,,0.0002677973,,8.001770248,0.25
1025,Mavro,,0.0621290761,,7.625565976,57.15
1026,Cheapcoin,,0.0008033954,,6.4271428136,
1027,Cubits,,0.0099142419,,5.6306238856,0.31
1028,KashhCoin,,0.0002905482,,5.598387324,-43.79
1029,Digital Bullion Gold,,0.0136576943,,5.4804753368,-14.78
1030,Tattoocoin (Limited Edition),,0.5355953455,,5.3559534552,-1.95
1031,SuperTurboStake,,0.0002677973,,5.3559534552,-0.03
1032,Bongger,,0.000423529,,5.097214736,93.68
1033,Omicron,,2.94496782,,2.9155098128,119.96
1034,TrickyCoin,,0.0286543586,,2.7596575648,0.25
1035,WeAreSatoshi,,0.0112474816,,1.3389900296,-10.39
1036,ZenGold,,0.5939316615,,0.4880580778,-55.95
1037,TeamUp,,0.000504772,,,-5.52
1038,Opescoin,,0.0080603398,,,
1039,Sync,,1511.4069928,,,
1040,ShellCoin,,0.177341068,,,-0.02
1041,TROPTIONS,,1.5961429072,,,
1042,Quebecoin,,0.0067209699,,,
1043,Qora,,1.0483479088,,,-2.48
1044,GameLeagueCoin,,0.0331750067,,,-2.21
1045,The Vegan Initiative,,0.0010498605,,,-6.86
1046,DeltaCredits,,0.6458979583,,,
1047,OCOW,,0.0271135603,,,-1.46
1048,KolschCoin,,0.2538772485,,,0.05
1049,SafeCoin,,0.0002777682,,,
1050,BetaCoin,,0.0131963343,,,-5.0
1051,Gambleo,,0.0024353863,,,
1052,TheCreed,,0.0018463994,,,-1.26
1053,RichCoin,,0.0408955899,,,0.06
1054,FrankyWillCoin,,0.0096159304,,,
1055,Safe Trade Coin,,0.0002755227,,,
1056,Golfcoin,,0.0002866155,,,
1057,CoExistCoin,,0.0096586416,,,
1058,OperaCoin,,5.759070392,,,
1059,Regacoin,,0.0011161127,,,
1060,VegasCoin,,0.0041644267,,,-13.76
1061,Psilocybin,,0.0952051342,,,
1062,PinkDog,,0.0002721971,,,
1063,MMXVI,,0.0160283276,,,0.0
1064,MIYUCoin,,0.0002659017,,,-0.46
1065,International Diamond,,0.0252549939,,,-5.46
1066,ELcoin,,295.88539288,,,
1067,microCoin,,0.0002661948,,,
1068,Topaz Coin,,0.4485859473,,,-1.22
1069,TurboCoin,,0.0002540225,,,-4.91
1070,Cashme,,0.0005264774,,,-1.46
1071,IvugeoCoin,,0.3432460858,,,
1072,True Investment Coin,,0.0195718174,,,
